{
    "SiamBAG": {
        "overall": {
            "ao": 0.6526929985643929,
            "sr": 0.838382006167241,
            "speed_fps": 5.698116002819923,
            "succ_curve": [
                0.920732813350263,
                0.9203095713162828,
                0.9198863292823024,
                0.9190398452143419,
                0.9180119717032469,
                0.9166213193058831,
                0.9156539089424995,
                0.914928351169962,
                0.9135981619203096,
                0.9120261200798113,
                0.9068262893766249,
                0.9051333212407038,
                0.9039845214341858,
                0.9026543321845335,
                0.9018683112642845,
                0.9012636797871697,
                0.9005985851623436,
                0.8995707116512486,
                0.8982405224015962,
                0.8971521857427898,
                0.8961243122316948,
                0.8940081020617934,
                0.892798839107564,
                0.8919523550396034,
                0.8911663341193543,
                0.8903198500513937,
                0.889594292278856,
                0.8883850293246266,
                0.8872362295181088,
                0.8864502085978596,
                0.8852409456436302,
                0.8839712195416893,
                0.882641030292037,
                0.8817340830763649,
                0.8802829675312897,
                0.8788318519862144,
                0.8774411995888506,
                0.8762923997823326,
                0.8749017473849688,
                0.873511094987605,
                0.8718785899993954,
                0.8699437692726283,
                0.8681903379889957,
                0.8654694963419796,
                0.862688191547252,
                0.8593022552754096,
                0.85561400326501,
                0.8531350142088397,
                0.8479351835056533,
                0.8446097103815224,
                0.838382006167241,
                0.8342705121228611,
                0.8288288288288288,
                0.8238708507164882,
                0.8155269363323054,
                0.8070016325049882,
                0.7982344760868251,
                0.7908579720660257,
                0.779430437148558,
                0.7686075337082049,
                0.7565149041659108,
                0.7450873692484431,
                0.7281576878892315,
                0.7124977326319608,
                0.6954471249773263,
                0.6754942862325413,
                0.6577181208053692,
                0.6347421246750106,
                0.6159985488844549,
                0.5953201523671322,
                0.568655904226374,
                0.5419916560856158,
                0.5190156599552572,
                0.4916258540419614,
                0.4641755849809541,
                0.4330975270572586,
                0.4024427111675434,
                0.3754761472882278,
                0.3447004051030897,
                0.31205030533889594,
                0.28296753128967894,
                0.2583590301711107,
                0.22770421428139548,
                0.2027933974242699,
                0.17594775984037728,
                0.15230666908519258,
                0.12709353648950963,
                0.10599189793820667,
                0.08785295362476571,
                0.06874659894794123,
                0.05314710683838201,
                0.036942983251708084,
                0.02896184775379406,
                0.02073885966503416,
                0.014813471189310116,
                0.008888082713586069,
                0.006046314771146986,
                0.0048370518169175885,
                0.0027208416470161437,
                0.002599915351593204,
                0.0
            ]
        },
        "seq_wise": {
            "ball": {
                "ao": 0.6966192605785656,
                "sr": 0.9551282051282052,
                "speed_fps": 5.848236092712429,
                "length": 624
            },
            "basketball": {
                "ao": 0.4335884113704347,
                "sr": 0.5405405405405406,
                "speed_fps": 5.8182029236741455,
                "length": 185
            },
            "board": {
                "ao": 0.6639980282271466,
                "sr": 0.8127659574468085,
                "speed_fps": 5.958721659951641,
                "length": 470
            },
            "book": {
                "ao": 0.7997095616990617,
                "sr": 1.0,
                "speed_fps": 5.9936146093668885,
                "length": 600
            },
            "bus": {
                "ao": 0.7716844962527187,
                "sr": 1.0,
                "speed_fps": 6.089192992449522,
                "length": 130
            },
            "bus2": {
                "ao": 0.6937079352478429,
                "sr": 0.9692307692307692,
                "speed_fps": 5.933567571070138,
                "length": 325
            },
            "campus": {
                "ao": 0.44726859331897545,
                "sr": 0.602051282051282,
                "speed_fps": 5.932596385898535,
                "length": 975
            },
            "car": {
                "ao": 0.7552612132703622,
                "sr": 1.0,
                "speed_fps": 6.080081713362152,
                "length": 100
            },
            "car2": {
                "ao": 0.5591528694449818,
                "sr": 0.7,
                "speed_fps": 6.033912053435882,
                "length": 130
            },
            "car3": {
                "ao": 0.5589001146813093,
                "sr": 0.6151515151515151,
                "speed_fps": 5.826519372613254,
                "length": 330
            },
            "card": {
                "ao": 0.6603639765534133,
                "sr": 0.9784714747039828,
                "speed_fps": 5.887973847154517,
                "length": 929
            },
            "coin": {
                "ao": 0.7821439274166639,
                "sr": 1.0,
                "speed_fps": 6.062712330607091,
                "length": 148
            },
            "coke": {
                "ao": 0.5883593824314023,
                "sr": 0.7890410958904109,
                "speed_fps": 5.826698308845897,
                "length": 730
            },
            "drive": {
                "ao": 0.7890575526575271,
                "sr": 0.9765193370165746,
                "speed_fps": 5.9473270703958505,
                "length": 724
            },
            "excavator": {
                "ao": 0.5290479104814529,
                "sr": 0.614,
                "speed_fps": 5.5844530974159685,
                "length": 500
            },
            "face": {
                "ao": 0.8118898625288516,
                "sr": 1.0,
                "speed_fps": 5.9434929704807,
                "length": 278
            },
            "face2": {
                "ao": 0.828149403208176,
                "sr": 1.0,
                "speed_fps": 5.898218609359579,
                "length": 1110
            },
            "forest": {
                "ao": 0.7344377785685833,
                "sr": 0.9376181474480151,
                "speed_fps": 4.47537343120929,
                "length": 529
            },
            "forest2": {
                "ao": 0.6216911666881936,
                "sr": 0.7651933701657458,
                "speed_fps": 4.275491782073913,
                "length": 362
            },
            "fruit": {
                "ao": 0.5693304331800856,
                "sr": 0.7459165154264973,
                "speed_fps": 4.184929444504239,
                "length": 551
            },
            "hand": {
                "ao": 0.6891605112593483,
                "sr": 0.9453551912568307,
                "speed_fps": 4.392082762717535,
                "length": 183
            },